rank,name,year,backhand
6,Ken Rosewall,1973,One-handed
8,Rod Laver,1973,One-handed
10,Arthur Ashe,1973,One-handed
4,Tom Okker,1973,One-handed
2,John Newcombe,1973,One-handed
9,Jan Kodes,1973,One-handed
1,Ilie Nastase,1973,One-handed
5,Stan Smith,1973,One-handed
7,Manuel Orantes,1973,One-handed
3,Jimmy Connors,1973,Two-handed
9,Ken Rosewall,1974,One-handed
4,Rod Laver,1974,One-handed
7,Arthur Ashe,1974,One-handed
6,Tom Okker,1974,One-handed
2,John Newcombe,1974,One-handed
10,Ilie Nastase,1974,One-handed
8,Stan Smith,1974,One-handed
5,Guillermo Vilas,1974,One-handed
1,Jimmy Connors,1974,Two-handed
3,Bjorn Borg,1974,Two-handed
6,Ken Rosewall,1975,One-handed
10,Rod Laver,1975,One-handed
4,Arthur Ashe,1975,One-handed
7,Ilie Nastase,1975,One-handed
5,Manuel Orantes,1975,One-handed
8,John Alexander,1975,One-handed
9,Roscoe Tanner,1975,One-handed
2,Guillermo Vilas,1975,One-handed
1,Jimmy Connors,1975,Two-handed
3,Bjorn Borg,1975,Two-handed
3,Ilie Nastase,1976,One-handed
4,Manuel Orantes,1976,One-handed
7,Adriano Panatta,1976,One-handed
9,Eddie Dibbs,1976,Two-handed
10,Brian Gottfried,1976,One-handed
6,Guillermo Vilas,1976,One-handed
1,Jimmy Connors,1976,Two-handed
8,Harold Solomon,1976,Two-handed
5,Raul Ramirez,1976,One-handed
2,Bjorn Borg,1976,Two-handed
6,Eddie Dibbs,1978,Two-handed
7,Brian Gottfried,1978,One-handed
3,Guillermo Vilas,1978,One-handed
1,Jimmy Connors,1978,Two-handed
9,Harold Solomon,1978,Two-handed
10,Corrado Barazzutti,1978,One-handed
8,Raul Ramirez,1978,One-handed
5,Vitas Gerulaitis,1978,One-handed
2,Bjorn Borg,1978,Two-handed
4,John McEnroe,1978,One-handed
7,Arthur Ashe,1979,One-handed
10,Eddie Dibbs,1979,Two-handed
5,Roscoe Tanner,1979,One-handed
6,Guillermo Vilas,1979,One-handed
2,Jimmy Connors,1979,Two-handed
8,Harold Solomon,1979,Two-handed
9,Jose Higueras,1979,One-handed
4,Vitas Gerulaitis,1979,One-handed
1,Bjorn Borg,1979,Two-handed
3,John McEnroe,1979,One-handed
1,Jimmy Connors,1977,Two-handed
2,Bjorn Borg,1977,Two-handed
3,Guillermo Vilas,1977,One-handed
4,Brian Gottfried,1977,One-handed
5,Vitas Gerulaitis,1977,One-handed
6,Manuel Orantes,1977,One-handed
7,Eddie Dibbs,1977,Two-handed
8,Raul Ramirez,1977,One-handed
9,Ilie Nastase,1977,One-handed
10,Dick Stockton,1977,One-handed
1,John McEnroe,1984,One-handed
2,Jimmy Connors,1984,Two-handed
3,Ivan Lendl,1984,One-handed
4,Mats Wilander,1984,Two-handed
5,Andres Gomez,1984,One-handed
6,Anders Jarryd,1984,Two-handed
7,Henrik Sundstrom,1984,One-handed
8,Eliot Teltscher,1984,One-handed
9,Yannick Noah,1984,One-handed
10,Pat Cash,1984,One-handed
1,Ivan Lendl,1985,One-handed
2,John McEnroe,1985,One-handed
3,Mats Wilander,1985,Two-handed
4,Jimmy Connors,1985,Two-handed
5,Stefan Edberg,1985,One-handed
6,Boris Becker,1985,One-handed
7,Yannick Noah,1985,One-handed
8,Anders Jarryd,1985,Two-handed
9,Miloslav Mecir,1985,Two-handed
10,Kevin Curren,1985,One-handed
1,Ivan Lendl,1986,One-handed
2,Boris Becker,1986,One-handed
3,Mats Wilander,1986,Two-handed
4,Yannick Noah,1986,One-handed
5,Stefan Edberg,1986,One-handed
6,Henri Leconte,1986,One-handed
7,Joakim Nystrom,1986,Two-handed
8,Jimmy Connors,1986,Two-handed
9,Miloslav Mecir,1986,Two-handed
10,Andres Gomez,1986,One-handed
1,Ivan Lendl,1987,One-handed
2,Stefan Edberg,1987,One-handed
3,Mats Wilander,1987,Two-handed
4,Jimmy Connors,1987,Two-handed
5,Boris Becker,1987,One-handed
6,Miloslav Mecir,1987,Two-handed
7,Pat Cash,1987,One-handed
8,Yannick Noah,1987,One-handed
9,Tim Mayotte,1987,One-handed
10,John McEnroe,1987,One-handed
1,Mats Wilander,1988,Two-handed
2,Ivan Lendl,1988,One-handed
3,Andre Agassi,1988,Two-handed
4,Boris Becker,1988,One-handed
5,Stefan Edberg,1988,One-handed
6,Kent Carlsson,1988,Two-handed
7,Jimmy Connors,1988,Two-handed
8,Jakob Hlasek,1988,One-handed
9,Henri Leconte,1988,One-handed
10,Tim Mayotte,1988,One-handed
1,Ivan Lendl,1989,One-handed
2,Boris Becker,1989,One-handed
3,Stefan Edberg,1989,One-handed
4,John McEnroe,1989,One-handed
5,Michael Chang,1989,Two-handed
6,Brad Gilbert,1989,One-handed
7,Andre Agassi,1989,Two-handed
8,Aaron Krickstein,1989,Two-handed
9,Alberto Mancini,1989,One-handed
10,Jay Berger,1989,Two-handed
1,John McEnroe,1983,One-handed
2,Ivan Lendl,1983,One-handed
3,Jimmy Connors,1983,Two-handed
4,Mats Wilander,1983,Two-handed
5,Yannick Noah,1983,One-handed
6,Jimmy Arias,1983,One-handed
7,Jose Higueras,1983,One-handed
8,Jose Luis Clerc,1983,One-handed
9,Kevin Curren,1983,One-handed
10,Gene Mayer,1983,Two-handed
1,John McEnroe,1982,One-handed
2,Jimmy Connors,1982,Two-handed
3,Ivan Lendl,1982,One-handed
4,Guillermo Vilas,1982,One-handed
5,Vitas Gerulaitis,1982,One-handed
6,Jose Luis Clerc,1982,One-handed
7,Gene Mayer,1982,Two-handed
8,Mats Wilander,1982,Two-handed
9,Johan Kriek,1982,One-handed
10,Yannick Noah,1982,One-handed
1,John McEnroe,1981,One-handed
2,Jimmy Connors,1981,Two-handed
3,Ivan Lendl,1981,One-handed
4,Bjorn Borg,1981,Two-handed
5,Jose Luis Clerc,1981,One-handed
6,Guillermo Vilas,1981,One-handed
7,Gene Mayer,1981,Two-handed
8,Eliot Teltscher,1981,One-handed
9,Brian Teacher,1981,One-handed
10,Peter Mcnamara,1981,One-handed
1,Bjorn Borg,1980,Two-handed
2,John McEnroe,1980,One-handed
3,Jimmy Connors,1980,Two-handed
4,Guillermo Vilas,1980,One-handed
5,Gene Mayer,1980,Two-handed
6,Ivan Lendl,1980,One-handed
7,Harold Solomon,1980,Two-handed
8,Jose Luis Clerc,1980,One-handed
9,Vitas Gerulaitis,1980,One-handed
10,Eliot Teltscher,1980,One-handed
1,Stefan Edberg,1990,One-handed
2,Boris Becker,1990,One-handed
3,Ivan Lendl,1990,One-handed
4,Andre Agassi,1990,Two-handed
5,Pete Sampras,1990,One-handed
6,Andres Gomez,1990,One-handed
7,Thomas Muster,1990,One-handed
8,Emilio Sanchez,1990,One-handed
9,Goran Ivanisevic,1990,Two-handed
10,Brad Gilbert,1990,One-handed
1,Stefan Edberg,1991,One-handed
2,Jim Courier,1991,Two-handed
3,Boris Becker,1991,One-handed
4,Michael Stich,1991,One-handed
5,Ivan Lendl,1991,One-handed
6,Pete Sampras,1991,One-handed
7,Guy Forget,1991,One-handed
8,Karel Novacek,1991,One-handed
9,Petr Korda,1991,One-handed
10,Andre Agassi,1991,Two-handed
1,Jim Courier,1992,Two-handed
2,Stefan Edberg,1992,One-handed
3,Pete Sampras,1992,One-handed
4,Goran Ivanisevic,1992,Two-handed
5,Boris Becker,1992,One-handed
6,Michael Chang,1992,Two-handed
7,Petr Korda,1992,One-handed
8,Ivan Lendl,1992,One-handed
9,Andre Agassi,1992,Two-handed
10,Richard Krajicek,1992,Two-handed
1,Pete Sampras,1993,One-handed
2,Michael Stich,1993,One-handed
3,Jim Courier,1993,Two-handed
4,Sergi Bruguera,1993,Two-handed
5,Stefan Edberg,1993,One-handed
6,Andrei Medvedev,1993,Two-handed
7,Goran Ivanisevic,1993,Two-handed
8,Michael Chang,1993,Two-handed
9,Thomas Muster,1993,One-handed
10,Cedric Pioline,1993,One-handed
1,Pete Sampras,1994,One-handed
2,Andre Agassi,1994,Two-handed
3,Boris Becker,1994,One-handed
4,Sergi Bruguera,1994,Two-handed
5,Goran Ivanisevic,1994,Two-handed
6,Michael Chang,1994,Two-handed
7,Stefan Edberg,1994,One-handed
8,Alberto Berasategui,1994,One-handed
9,Michael Stich,1994,One-handed
10,Todd Martin,1994,Two-handed
1,Pete Sampras,1995,One-handed
2,Andre Agassi,1995,Two-handed
3,Thomas Muster,1995,One-handed
4,Boris Becker,1995,One-handed
5,Michael Chang,1995,Two-handed
6,Yevgeny Kafelnikov,1995,Two-handed
7,Thomas Enqvist,1995,Two-handed
8,Jim Courier,1995,Two-handed
9,Wayne Ferreira,1995,Two-handed
10,Goran Ivanisevic,1995,Two-handed
1,Pete Sampras,1996,One-handed
2,Michael Chang,1996,Two-handed
3,Yevgeny Kafelnikov,1996,Two-handed
4,Goran Ivanisevic,1996,Two-handed
5,Thomas Muster,1996,One-handed
6,Boris Becker,1996,One-handed
7,Richard Krajicek,1996,One-handed
8,Andre Agassi,1996,Two-handed
9,Thomas Enqvist,1996,Two-handed
10,Wayne Ferreira,1996,Two-handed
1,Pete Sampras,1997,One-handed
2,Patrick Rafter,1997,One-handed
3,Michael Chang,1997,Two-handed
4,Jonas Bjorkman,1997,Two-handed
5,Yevgeny Kafelnikov,1997,Two-handed
6,Greg Rusedski,1997,One-handed
7,Carlos Moya,1997,Two-handed
8,Sergi Bruguera,1997,Two-handed
9,Thomas Muster,1997,One-handed
10,Marcelo Rios,1997,Two-handed
1,Pete Sampras,1998,One-handed
2,Marcelo Rios,1998,Two-handed
3,Alex Corretja,1998,One-handed
4,Patrick Rafter,1998,One-handed
5,Carlos Moya,1998,Two-handed
6,Andre Agassi,1998,Two-handed
7,Tim Henman,1998,One-handed
8,Karol Kucera,1998,Two-handed
9,Greg Rusedski,1998,One-handed
10,Richard Krajicek,1998,One-handed
1,Andre Agassi,1999,Two-handed
2,Yevgeny Kafelnikov,1999,Two-handed
3,Pete Sampras,1999,One-handed
4,Thomas Enqvist,1999,Two-handed
5,Gustavo Kuerten,1999,One-handed
6,Nicolas Kiefer,1999,Two-handed
7,Todd Martin,1999,Two-handed
8,Nicolas Lapentti,1999,Two-handed
9,Marcelo Rios,1999,Two-handed
10,Richard Krajicek,1999,One-handed
1,Gustavo Kuerten,2000,One-handed
2,Marat Safin,2000,Two-handed
3,Pete Sampras,2000,One-handed
4,Magnus Norman,2000,Two-handed
5,Yevgeny Kafelnikov,2000,Two-handed
6,Andre Agassi,2000,Two-handed
7,Lleyton Hewitt,2000,Two-handed
8,Alex Corretja,2000,One-handed
9,Thomas Enqvist,2000,Two-handed
10,Tim Henman,2000,One-handed
1,Lleyton Hewitt,2001,Two-handed
2,Gustavo Kuerten,2001,One-handed
3,Andre Agassi,2001,Two-handed
4,Yevgeny Kafelnikov,2001,Two-handed
5,Juan Carlos Ferrero,2001,Two-handed
6,Sebastien Grosjean,2001,Two-handed
7,Patrick Rafter,2001,One-handed
8,Tommy Haas,2001,One-handed
9,Tim Henman,2001,One-handed
10,Pete Sampras,2001,One-handed
1,Lleyton Hewitt,2002,Two-handed
2,Andre Agassi,2002,Two-handed
3,Marat Safin,2002,Two-handed
4,Juan Carlos Ferrero,2002,Two-handed
5,Carlos Moya,2002,Two-handed
6,Roger Federer,2002,One-handed
7,Jiri Novak,2002,Two-handed
8,Tim Henman,2002,One-handed
9,Albert Costa,2002,One-handed
10,Andy Roddick,2002,Two-handed
1,Andy Roddick,2003,Two-handed
2,Roger Federer,2003,One-handed
3,Juan Carlos Ferrero,2003,Two-handed
4,Andre Agassi,2003,Two-handed
5,Guillermo Coria,2003,Two-handed
6,Rainer Schuettler,2003,Two-handed
7,Carlos Moya,2003,Two-handed
8,David Nalbandian,2003,Two-handed
9,Mark Philippoussis,2003,One-handed
10,Sebastien Grosjean,2003,Two-handed
1,Roger Federer,2004,One-handed
2,Andy Roddick,2004,Two-handed
3,Lleyton Hewitt,2004,Two-handed
4,Marat Safin,2004,Two-handed
5,Carlos Moya,2004,Two-handed
6,Tim Henman,2004,One-handed
7,Guillermo Coria,2004,Two-handed
8,Andre Agassi,2004,Two-handed
9,David Nalbandian,2004,Two-handed
10,Gaston Gaudio,2004,One-handed
1,Roger Federer,2005,One-handed
2,Rafael Nadal,2005,Two-handed
3,Andy Roddick,2005,Two-handed
4,Lleyton Hewitt,2005,Two-handed
5,Nikolay Davydenko,2005,Two-handed
6,David Nalbandian,2005,Two-handed
7,Andre Agassi,2005,Two-handed
8,Guillermo Coria,2005,Two-handed
9,Ivan Ljubicic,2005,One-handed
10,Gaston Gaudio,2005,One-handed
1,Roger Federer,2006,One-handed
2,Rafael Nadal,2006,Two-handed
3,Nikolay Davydenko,2006,Two-handed
4,James Blake,2006,One-handed
5,Ivan Ljubicic,2006,One-handed
6,Andy Roddick,2006,Two-handed
7,Tommy Robredo,2006,One-handed
8,David Nalbandian,2006,Two-handed
9,Mario Ancic,2006,Two-handed
10,Fernando Gonzalez,2006,One-handed
1,Roger Federer,2007,One-handed
2,Rafael Nadal,2007,Two-handed
3,Novak Djokovic,2007,Two-handed
4,Nikolay Davydenko,2007,Two-handed
5,David Ferrer,2007,Two-handed
6,Andy Roddick,2007,Two-handed
7,Fernando Gonzalez,2007,One-handed
8,Richard Gasquet,2007,One-handed
9,David Nalbandian,2007,Two-handed
10,Tommy Robredo,2007,One-handed
1,Rafael Nadal,2008,Two-handed
2,Roger Federer,2008,One-handed
3,Novak Djokovic,2008,Two-handed
4,Andy Murray,2008,Two-handed
5,Nikolay Davydenko,2008,Two-handed
6,Jo-Wilfried Tsonga,2008,Two-handed
7,Gilles Simon,2008,Two-handed
8,Andy Roddick,2008,Two-handed
9,Juan Martin del Potro,2008,Two-handed
10,James Blake,2008,One-handed
1,Roger Federer,2009,One-handed
2,Rafael Nadal,2009,Two-handed
3,Novak Djokovic,2009,Two-handed
4,Andy Murray,2009,Two-handed
5,Juan Martin del Potro,2009,Two-handed
6,Nikolay Davydenko,2009,Two-handed
7,Andy Roddick,2009,Two-handed
8,Robin Soderling,2009,Two-handed
9,Fernando Verdasco,2009,Two-handed
10,Jo-Wilfried Tsonga,2009,Two-handed
1,Rafael Nadal,2010,Two-handed
2,Roger Federer,2010,One-handed
3,Novak Djokovic,2010,Two-handed
4,Andy Murray,2010,Two-handed
5,Robin Soderling,2010,Two-handed
6,Tomas Berdych,2010,Two-handed
7,David Ferrer,2010,Two-handed
8,Andy Roddick,2010,Two-handed
9,Fernando Verdasco,2010,Two-handed
10,Mikhail Youzhny,2010,One-handed
1,Novak Djokovic,2011,Two-handed
2,Rafael Nadal,2011,Two-handed
3,Roger Federer,2011,One-handed
4,Andy Murray,2011,Two-handed
5,David Ferrer,2011,Two-handed
6,Jo-Wilfried Tsonga,2011,Two-handed
7,Tomas Berdych,2011,Two-handed
8,Mardy Fish,2011,Two-handed
9,Janko Tipsarevic,2011,Two-handed
10,Nicolas Almagro,2011,One-handed
1,Novak Djokovic,2012,Two-handed
2,Roger Federer,2012,One-handed
3,Andy Murray,2012,Two-handed
4,Rafael Nadal,2012,Two-handed
5,David Ferrer,2012,Two-handed
6,Tomas Berdych,2012,Two-handed
7,Juan Martin del Potro,2012,Two-handed
8,Jo-Wilfried Tsonga,2012,Two-handed
9,Janko Tipsarevic,2012,Two-handed
10,Richard Gasquet,2012,One-handed
1,Rafael Nadal,2013,Two-handed
2,Novak Djokovic,2013,Two-handed
3,David Ferrer,2013,Two-handed
4,Andy Murray,2013,Two-handed
5,Juan Martin del Potro,2013,Two-handed
6,Roger Federer,2013,One-handed
7,Tomas Berdych,2013,Two-handed
8,Stan Wawrinka,2013,One-handed
9,Richard Gasquet,2013,One-handed
10,Jo-Wilfried Tsonga,2013,Two-handed
1,Novak Djokovic,2014,Two-handed
2,Roger Federer,2014,One-handed
3,Rafael Nadal,2014,Two-handed
4,Stan Wawrinka,2014,One-handed
5,Kei Nishikori,2014,Two-handed
6,Andy Murray,2014,Two-handed
7,Tomas Berdych,2014,Two-handed
8,Milos Raonic,2014,Two-handed
9,Marin Cilic,2014,Two-handed
10,David Ferrer,2014,Two-handed
1,Novak Djokovic,2015,Two-handed
2,Andy Murray,2015,Two-handed
3,Roger Federer,2015,One-handed
4,Stan Wawrinka,2015,One-handed
5,Rafael Nadal,2015,Two-handed
6,Tomas Berdych,2015,Two-handed
7,David Ferrer,2015,Two-handed
8,Kei Nishikori,2015,Two-handed
9,Richard Gasquet,2015,One-handed
10,Jo-Wilfried Tsonga,2015,Two-handed
1,Andy Murray,2016,Two-handed
2,Novak Djokovic,2016,Two-handed
3,Milos Raonic,2016,Two-handed
4,Stan Wawrinka,2016,One-handed
5,Kei Nishikori,2016,Two-handed
6,Marin Cilic,2016,Two-handed
7,Gael Monfils,2016,Two-handed
8,Dominic Thiem,2016,One-handed
9,Rafael Nadal,2016,Two-handed
10,Tomas Berdych,2016,Two-handed
1,Rafael Nadal,2017,Two-handed
2,Roger Federer,2017,One-handed
3,Grigor Dimitrov,2017,One-handed
4,Alexander Zverev,2017,Two-handed
5,Dominic Thiem,2017,One-handed
6,Marin Cilic,2017,Two-handed
7,David Goffin,2017,Two-handed
8,Jack Sock,2017,Two-handed
9,Stan Wawrinka,2017,One-handed
10,Pablo Carreno Busta,2017,Two-handed
1,Novak Djokovic,2018,Two-handed
2,Rafael Nadal,2018,Two-handed
3,Roger Federer,2018,One-handed
4,Alexander Zverev,2018,Two-handed
5,Juan Martin del Potro,2018,Two-handed
6,Kevin Anderson,2018,Two-handed
7,Marin Cilic,2018,Two-handed
8,Dominic Thiem,2018,One-handed
9,Kei Nishikori,2018,Two-handed
10,John Isner,2018,Two-handed
1,Rafael Nadal,2019,Two-handed
2,Novak Djokovic,2019,Two-handed
3,Roger Federer,2019,One-handed
4,Dominic Thiem,2019,One-handed
5,Daniil Medvedev,2019,Two-handed
6,Stefanos Tsitsipas,2019,One-handed
7,Alexander Zverev,2019,Two-handed
8,Matteo Berrettini,2019,Two-handed
9,Roberto Bautista Agut,2019,Two-handed
10,Gael Monfils,2019,Two-handed
1,Novak Djokovic,2020,Two-handed
2,Rafael Nadal,2020,Two-handed
3,Dominic Thiem,2020,One-handed
4,Daniil Medvedev,2020,Two-handed
5,Roger Federer,2020,One-handed
6,Stefanos Tsitsipas,2020,One-handed
7,Alexander Zverev,2020,Two-handed
8,Andrey Rublev,2020,Two-handed
9,Diego Schwartzman,2020,Two-handed
10,Matteo Berrettini,2020,Two-handed
1,Novak Djokovic,2021,Two-handed
2,Daniil Medvedev,2021,Two-handed
3,Alexander Zverev,2021,Two-handed
4,Stefanos Tsitsipas,2021,One-handed
5,Andrey Rublev,2021,Two-handed
6,Rafael Nadal,2021,Two-handed
7,Matteo Berrettini,2021,Two-handed
8,Casper Ruud,2021,Two-handed
9,Hubert Hurkacz,2021,Two-handed
10,Jannik Sinner,2021,Two-handed
1,Carlos Alcaraz,2022,Two-handed
2,Rafael Nadal,2022,Two-handed
3,Casper Ruud,2022,Two-handed
4,Stefanos Tsitsipas,2022,One-handed
5,Novak Djokovic,2022,Two-handed
6,Felix Auger Aliassime,2022,Two-handed
7,Daniil Medvedev,2022,Two-handed
8,Andrey Rublev,2022,Two-handed
9,Taylor Fritz,2022,Two-handed
10,Hubert Hurkacz,2022,Two-handed
1,Novak Djokovic,2023,Two-handed
2,Carlos Alcaraz,2023,Two-handed
3,Daniil Medvedev,2023,Two-handed
4,Jannik Sinner,2023,Two-handed
5,Andrey Rublev,2023,Two-handed
6,Stefanos Tsitsipas,2023,One-handed
7,Alexander Zverev,2023,Two-handed
8,Holger Rune,2023,Two-handed
9,Hubert Hurkacz,2023,Two-handed
10,Taylor Fritz,2023,Two-handed