backhand,rank,name,country_name,country_id,active,dob,totalPoints,tournamentPoints,rankingPoints,achievementsPoints,tGPoints,tFLPoints,tMPoints,tOPoints,tABPoints,tDTPoints,yearEndRankPoints,bestRankPoints,weeksAtNo1Points,weeksAtEloTopNPoints,bestEloRatingPoints,grandSlamPoints,bigWinsPoints,h2hPoints,recordsPoints,bestSeasonPoints,greatestRivalriesPoints,performancePoints,statisticsPoints,grandSlams,tourFinals,altFinals,masters,olympics,bigTitles,titles,weeksAtNo1,won,lost,bestEloRating,bestEloRatingDate,wonPct
Two-handed,1,Novak Djokovic,Serbia,SRB,TRUE,5/22/87,1102,595,241,266,272,58,214,1,45,5,92,8,40,61,40,56,51,26,94,9,8,20,2,24,7,0,40,0,71,98,404,1084,210,2629,2/1/16,83.80%
One-handed,2,Roger Federer,Switzerland,SUI,FALSE,8/8/81,924,566,200,158,246,65,172,2,80,1,83,8,31,60,18,32,40,18,55,3,3,4,3,20,6,0,28,0,54,103,310,1245,275,2550,3/5/07,81.90%
Two-handed,3,Rafael Nadal,Spain,ESP,FALSE,6/3/86,885,526,186,173,233,21,201,3,62,6,86,8,21,50,21,38,40,23,50,0,6,7,9,22,0,0,36,1,59,92,209,1066,219,2552,9/9/13,83.00%
Two-handed,4,Jimmy Connors,United States,USA,FALSE,9/2/52,616,402,151,63,134,31,121,0,115,1,73,8,27,37,6,5,24,12,19,0,0,2,1,8,1,2,20,0,31,109,268,1275,285,2521,10/29/78,81.70%
One-handed,5,Ivan Lendl,United States,USA,FALSE,3/7/60,604,395,141,68,132,63,101,0,98,1,55,8,27,39,12,6,27,18,14,0,1,2,0,8,5,2,18,0,33,94,270,1069,242,2518,3/24/86,81.50%
One-handed,6,Pete Sampras,United States,USA,FALSE,8/12/71,522,316,140,66,144,52,72,0,45,3,58,8,29,42,3,11,21,19,14,0,0,1,0,14,5,2,11,0,32,64,286,762,222,2407,5/16/94,77.40%
One-handed,7,John McEnroe,United States,USA,FALSE,2/16/59,512,321,128,63,95,53,86,0,77,10,48,8,17,31,24,5,24,14,16,2,0,2,0,7,3,5,17,0,32,77,170,881,198,2583,4/8/85,81.60%
Two-handed,8,Bjorn Borg,Sweden,SWE,FALSE,6/6/56,480,254,132,94,114,29,53,0,56,2,37,8,11,33,43,12,21,25,17,0,0,17,2,11,2,1,11,0,25,66,109,650,138,2622,7/7/80,82.50%
Two-handed,9,Andre Agassi,United States,USA,FALSE,4/29/70,417,292,82,43,124,25,91,3,46,3,33,8,10,31,0,12,15,13,1,0,0,1,1,8,1,0,17,1,27,60,101,870,274,2376,9/29/95,76.00%
One-handed,10,Rod Laver,Australia,AUS,FALSE,8/9/38,389,202,101,86,45,10,84,0,61,2,35,8,22,28,8,21,17,19,19,5,0,5,0,5,0,2,18,0,25,72,219,571,145,2509,9/10/69,79.70%
One-handed,11,Boris Becker,Germany,GER,FALSE,11/22/67,368,267,61,40,85,50,77,0,49,6,27,8,1,23,2,2,17,16,5,0,0,0,0,6,3,2,12,0,23,49,12,713,214,2419,11/6/89,76.90%
One-handed,12,Stefan Edberg,Sweden,SWE,FALSE,1/19/66,328,243,62,23,91,24,62,4,54,8,33,8,7,14,0,3,14,5,1,0,0,0,0,6,1,0,6,1,14,42,72,804,271,2370,11/19/90,74.80%
Two-handed,13,Andy Murray,United Kingdom,GBR,TRUE,5/15/87,313,228,55,30,85,17,82,6,36,2,26,8,4,15,2,0,16,11,2,0,1,0,0,3,1,0,14,2,20,46,41,732,249,2500,11/21/16,74.60%
Two-handed,14,Mats Wilander,Sweden,SWE,FALSE,8/22/64,243,179,38,26,84,9,50,0,28,8,21,8,2,7,0,5,11,7,3,0,0,0,0,7,0,0,8,0,15,33,20,569,223,2371,10/3/88,71.80%
One-handed,15,Guillermo Vilas,Argentina,ARG,FALSE,8/17/52,242,191,32,19,63,19,34,0,74,1,18,5,0,7,2,1,8,7,3,0,0,0,0,4,1,0,3,0,8,62,0,943,291,2431,12/5/77,76.40%
One-handed,16,Ilie Nastase,Romania,ROU,FALSE,7/19/46,228,163,46,19,36,27,35,0,63,2,19,8,9,10,0,0,9,5,3,0,0,2,0,2,4,0,6,0,12,65,88,891,333,2363,9/15/76,72.80%
One-handed,17,Ken Rosewall,Australia,AUS,FALSE,11/2/34,220,159,40,21,60,12,46,0,41,0,15,8,3,14,0,1,10,7,3,0,0,0,0,4,0,2,7,0,13,40,26,540,193,2388,6/10/68,73.70%
One-handed,18,Arthur Ashe,United States,USA,FALSE,7/10/43,211,174,23,14,47,17,53,0,52,5,14,5,0,4,0,0,7,7,0,0,0,0,0,3,0,1,4,0,8,45,0,783,258,2354,3/11/76,75.20%
One-handed,19,John Newcombe,Australia,AUS,FALSE,5/23/44,210,160,35,15,62,8,44,0,44,2,18,8,1,8,0,2,9,4,0,0,0,0,0,5,0,1,6,0,12,41,8,564,224,2327,8/17/71,71.60%
Two-handed,20,Lleyton Hewitt,Australia,AUS,FALSE,2/24/81,180,114,52,14,39,15,30,0,26,4,21,8,8,15,0,0,5,9,0,0,0,0,0,2,2,0,2,0,6,30,80,616,262,2295,3/18/02,70.20%
Two-handed,21,Andy Roddick,United States,USA,FALSE,8/30/82,169,125,33,11,43,8,39,0,34,1,16,8,1,8,0,0,4,7,0,0,0,0,0,1,0,0,5,0,6,32,13,610,213,2274,9/8/03,74.10%
Two-handed,22,Jim Courier,United States,USA,FALSE,8/17/70,168,116,37,15,56,7,30,0,22,1,16,8,6,7,0,3,6,6,0,0,0,0,0,4,0,0,5,0,9,23,58,506,237,2330,6/8/92,68.10%
Two-handed,23,Michael Chang,United States,USA,FALSE,2/22/72,153,125,21,7,33,12,41,0,37,2,10,5,0,6,0,0,5,0,2,0,0,0,0,1,0,0,7,0,8,34,0,662,312,2267,3/18/96,68.00%
One-handed,24,Stan Smith,United States,USA,FALSE,12/14/46,148,125,18,5,29,19,22,0,49,6,7,5,0,6,0,0,5,0,0,0,0,0,0,2,1,1,3,0,7,49,0,776,307,2381,5/16/73,71.70%
Two-handed,25,Yevgeny Kafelnikov,Russian Federation,RUS,FALSE,2/18/74,137,105,22,10,33,13,23,3,30,3,12,8,1,1,0,0,3,5,1,0,0,1,0,2,0,0,0,1,3,26,6,609,306,2216,2/22/99,66.60%
Two-handed,26,Daniil Medvedev,Russian Federation,RUS,TRUE,2/11/96,134,97,25,12,29,12,33,0,21,2,11,8,2,4,0,0,5,6,0,0,0,1,0,1,1,0,6,0,8,20,16,329,133,2316,1/31/22,71.20%
One-handed,27,Gustavo Kuerten,Brazil,BRA,FALSE,9/10/76,129,85,29,15,29,6,34,0,16,0,14,8,4,3,0,2,4,8,1,0,0,0,0,3,1,0,5,0,9,20,43,358,195,2281,8/13/01,64.70%
Two-handed,28,Goran Ivanisevic,Croatia,CRO,FALSE,9/13/71,125,107,12,6,33,16,24,1,31,2,5,5,0,2,0,0,4,1,0,0,0,0,1,1,0,1,2,0,4,22,0,599,333,2246,11/23/92,64.30%
Two-handed,29,David Ferrer,Spain,ESP,FALSE,4/2/82,124,110,10,4,25,8,27,0,45,5,6,3,0,1,0,0,3,1,0,0,0,0,0,0,0,0,1,0,1,27,0,734,377,2348,2/25/13,66.10%
One-handed,30,Thomas Muster,Austria,AUT,FALSE,10/2/67,123,102,15,6,19,2,42,0,39,0,4,8,1,2,0,0,3,1,0,0,0,2,0,1,0,0,8,0,9,44,6,626,274,2287,10/30/95,69.60%
One-handed,31,Tom Okker,Netherlands,NED,FALSE,2/22/44,123,106,11,6,18,5,40,0,43,0,5,3,0,3,0,0,5,1,0,0,0,0,0,0,0,0,4,0,4,34,0,643,274,2317,4/1/74,70.10%
One-handed,32,Vitas Gerulaitis,United States,USA,FALSE,7/26/54,120,100,13,7,29,13,30,0,26,2,7,3,0,3,0,0,4,3,0,0,0,0,0,1,0,1,4,0,6,26,0,534,233,2335,6/11/79,69.60%
Two-handed,33,Alexander Zverev,Germany,GER,TRUE,4/20/97,119,94,14,11,18,16,36,3,21,0,7,5,0,2,0,0,5,4,1,0,0,1,0,0,2,0,5,1,8,21,0,385,175,2303,11/21/21,68.80%
Two-handed,34,Juan Martin Del Potro,Argentina,ARG,TRUE,9/23/88,111,90,11,10,27,7,18,3,33,2,3,3,0,5,0,0,5,5,0,0,0,0,0,1,0,0,1,0,2,22,0,439,174,2331,9/14/09,71.60%
One-handed,35,Manuel Orantes,Spain,ESP,FALSE,2/6/49,107,93,10,4,21,9,17,0,44,2,5,5,0,0,0,0,4,0,0,0,0,0,0,1,1,0,1,0,3,35,0,713,282,2290,9/10/75,71.70%
One-handed,36,Stan Wawrinka,Switzerland,SUI,TRUE,3/28/85,104,88,10,6,47,7,15,0,18,1,6,3,0,1,0,0,6,0,0,0,0,0,0,3,0,0,1,0,4,16,0,566,344,2291,4/20/14,62.20%
One-handed,37,Michael Stich,Germany,GER,FALSE,10/18/68,104,78,15,11,26,13,16,0,20,3,7,5,0,3,0,0,3,8,0,0,0,0,0,1,1,1,2,0,5,18,0,385,176,2272,12/10/93,68.60%
Two-handed,38,Marat Safin,Russian Federation,RUS,FALSE,1/27/80,102,78,20,4,32,4,27,0,12,3,10,8,1,1,0,0,4,0,0,0,0,0,0,2,0,0,5,0,7,15,9,422,267,2218,1/31/05,61.20%
Two-handed,39,Juan Carlos Ferrero,Spain,ESP,FALSE,2/12/80,99,76,16,7,25,5,25,0,19,2,6,8,1,1,0,0,3,4,0,0,0,0,0,1,0,0,4,0,5,16,8,479,262,2225,10/20/03,64.60%
One-handed,40,Tony Roche,Australia,AUS,FALSE,5/17/45,95,75,16,4,26,0,25,0,23,1,6,5,0,5,0,0,4,0,0,0,0,0,0,0,0,0,3,0,3,21,0,361,182,2355,3/2/69,66.50%
Two-handed,41,Carlos Moya,Spain,ESP,FALSE,8/27/76,93,79,12,2,19,10,24,0,23,3,3,8,0,1,0,0,2,0,0,0,0,0,0,1,0,0,3,0,4,20,2,575,319,2190,6/7/04,64.30%
Two-handed,42,Carlos Alcaraz Garfia,Spain,ESP,TRUE,5/5/03,91,56,27,8,22,2,20,0,12,0,13,8,4,2,0,0,3,4,1,0,0,0,0,2,0,0,4,0,6,12,36,149,43,2344,7/17/23,77.60%
One-handed,43,Patrick Rafter,Australia,AUS,FALSE,12/28/72,90,65,21,4,30,4,19,0,10,2,7,8,0,6,0,1,3,0,0,0,0,0,0,2,0,0,2,0,4,11,1,358,191,2255,10/2/98,65.20%
One-handed,44,Yannick Noah,France,FRA,FALSE,5/18/60,87,78,7,2,18,1,34,0,24,1,3,3,0,1,0,0,2,0,0,0,0,0,0,1,0,0,4,0,5,23,0,481,212,2268,6/6/83,69.40%
Two-handed,45,Tomas Berdych,Czech Republic,CZE,FALSE,9/17/85,84,79,2,3,26,6,25,0,19,3,0,2,0,0,0,0,3,0,0,0,0,0,0,0,0,0,1,0,1,13,0,640,341,2263,5/10/15,65.20%
One-handed,46,Roscoe Tanner,United States,USA,FALSE,10/15/51,81,75,3,3,25,4,26,0,20,0,1,2,0,0,0,0,3,0,0,0,0,0,0,1,0,0,3,0,4,16,0,596,297,2261,7/9/79,66.70%
One-handed,47,Dominic Thiem,Austria,AUT,TRUE,9/3/93,81,68,10,3,26,9,12,0,21,0,6,3,0,1,0,0,3,0,0,0,0,0,0,1,0,0,1,0,2,17,0,342,203,2250,11/23/20,62.80%
One-handed,48,Brian Gottfried,United States,USA,FALSE,1/27/52,80,73,5,2,9,9,23,0,31,1,1,3,0,1,0,0,2,0,0,0,0,0,0,0,0,0,3,0,3,25,0,698,330,2324,3/28/77,67.90%
One-handed,49,Stefanos Tsitsipas,Greece,GRE,TRUE,8/12/98,79,66,8,5,17,7,25,0,17,0,4,3,0,1,0,0,3,2,0,0,0,0,0,0,1,0,2,0,3,10,0,287,141,2258,6/13/21,67.10%
Two-handed,50,Marcelo Rios,Chile,CHI,FALSE,12/26/75,78,58,16,4,9,4,30,0,15,0,5,8,1,2,0,0,1,3,0,0,0,0,0,0,0,1,5,0,6,18,6,392,192,2241,6/8/98,67.10%